{
  "final_psnr": 22.73128129218033,
  "final_ssim": 0.7208443205407621
}